localDate, name
2018-01-02 null null
2018-01-03 null null
2018-01-04 null null
2018-01-05 null null
2018-01-06 null null
2018-01-07 null null
2018-01-08 null null
2018-01-09 null null
2018-01-10 null null
2018-01-11 null null
2018-01-12 null null
2018-01-13 null null
2018-01-14 null null
2018-01-15 null null
2018-01-16 null null
2018-01-17 null null
2018-01-18 null null
2018-01-19 null null
2018-01-20 null null
2018-01-21 null null
2018-01-22 null null
2018-01-23 null null
2018-01-24 null null
2018-01-25 null null
2018-01-26 null null
2018-01-27 null null
2018-01-28 null null
2018-01-29 null null
2018-01-30 null null
2018-01-31 null null
2018-02-01 null null
2018-02-02 null null
2018-02-03 null null
2018-02-04 null null
2018-02-05 null null
2018-02-06 null null
2018-02-07 null null
2018-02-08 null null
2018-02-09 null null
2018-02-10 null null
2018-02-11 null null
2018-02-12 null null
2018-02-13 null null
2018-02-14 null null
2018-02-15 null null
2018-02-16 null null
2018-02-17 null null
2018-02-18 null null
2018-02-19 null null
2018-02-20 null null
2018-02-21 null null
2018-02-22 null null
2018-02-23 null null
2018-02-24 null null
2018-02-25 null null
2018-02-26 null null
2018-02-27 null null
2018-02-28 null null
2018-03-01 null null
2018-03-02 null null
2018-03-03 null null
2018-03-04 null null
2018-03-05 null null
2018-03-06 null null
2018-03-07 null null
2018-03-08 null null
2018-03-09 null null
2018-03-10 null null
2018-03-11 null null
2018-03-12 null null
2018-03-13 null null
2018-03-14 null null
2018-03-15 null null
2018-03-16 null null
2018-03-17 null null
2018-03-18 null null
2018-03-19 null null
2018-03-20 null null
2018-03-21 null null
2018-03-22 null null
2018-03-23 null null
2018-03-24 null null
2018-03-25 null null
2018-03-26 null null
2018-03-27 null null
2018-03-28 null null
2018-03-29 null null
2018-03-30 null null
2018-03-31 null null
2018-04-01 null null
2018-04-02 null null
2018-04-03 null null
2018-04-04 null null
2018-04-05 null null
2018-04-06 null null
2018-04-07 null null
2018-04-08 null null
2018-04-09 null null
2018-04-10 null null
2018-04-11 null null
2018-04-12 null null
2018-04-13 null null
2018-04-14 null null
2018-04-15 null null
2018-04-16 null null
2018-04-17 null null
2018-04-18 null null
2018-04-19 null null
2018-04-20 null null
2018-04-21 null null
2018-04-22 null null
2018-04-23 null null
2018-04-24 null null
2018-04-25 null null
2018-04-26 null null
2018-04-27 null null
2018-04-28 null null
2018-04-29 null null
2018-04-30 null null
2018-05-01 null null
2018-05-02 null null
2018-05-03 null null
2018-05-04 null null
2018-05-05 null null
2018-05-06 null null
2018-05-07 null null
2018-05-08 null null
2018-05-09 null null
2018-05-10 null null
2018-05-11 null null
2018-05-12 null null
2018-05-13 null null
2018-05-14 null null
2018-05-15 null null
2018-05-16 null null
2018-05-17 null null
2018-05-18 null null
2018-05-19 null null
2018-05-20 null null
2018-05-21 null null
2018-05-22 null null
2018-05-23 null null
2018-05-24 null null
2018-05-25 null null
2018-05-26 null null
2018-05-27 null null
2018-05-28 null null
2018-05-29 null null
2018-05-30 null null
2018-05-31 null null
2018-06-01 null null
2018-06-02 null null
2018-06-03 null null
2018-06-04 null null
2018-06-05 null null
2018-06-06 null null
2018-06-07 null null
2018-06-08 null null
2018-06-09 null null
2018-06-10 null null
2018-06-11 null null
2018-06-12 null null
2018-06-13 null null
2018-06-14 null null
2018-06-15 null null
2018-06-16 null null
2018-06-17 null null
2018-06-18 null null
2018-06-19 null null
2018-06-20 null null
2018-06-21 null null
2018-06-22 null null
2018-06-23 null null
2018-06-24 null null
2018-06-25 null null
2018-06-26 null null
2018-06-27 null null
2018-06-28 null null
2018-06-29 null null
2018-06-30 null null
2018-07-01 null null
2018-07-02 null null
2018-07-03 null null
2018-07-04 null null
2018-07-05 null null
2018-07-06 null null
2018-07-07 null null
2018-07-08 null null
2018-07-09 null null
2018-07-10 null null
2018-07-11 null null
2018-07-12 null null
2018-07-13 null null
2018-07-14 null null
2018-07-15 null null
2018-07-16 null null
2018-07-17 null null
2018-07-18 null null
2018-07-19 null null
2018-07-20 null null
2018-07-21 null null
2018-07-22 null null
2018-07-23 null null
2018-07-24 null null
2018-07-25 null null
2018-07-26 null null
2018-07-27 null null
2018-07-28 null null
2018-07-29 null null
2018-07-30 null null
2018-07-31 null null
2018-08-01 null null
2018-08-02 null null
2018-08-03 null null
2018-08-04 null null
2018-08-05 null null
2018-08-06 null null
2018-08-07 null null
2018-08-08 null null
2018-08-09 null null
2018-08-10 null null
2018-08-11 null null
2018-08-12 null null
2018-08-13 null null
2018-08-14 null null
2018-08-15 null null
2018-08-16 null null
2018-08-17 null null
2018-08-18 null null
2018-08-19 null null
2018-08-20 null null
2018-08-21 null null
2018-08-22 null null
2018-08-23 null null
2018-08-24 null null
2018-08-25 null null
2018-08-26 null null
2018-08-27 null null
2018-08-28 null null
2018-08-29 null null
2018-08-30 null null
2018-08-31 null null
2018-09-01 null null
2018-09-02 null null
2018-09-03 null null
2018-09-04 null null
2018-09-05 null null
2018-09-06 null null
2018-09-07 null null
2018-09-08 null null
2018-09-09 null null
2018-09-10 null null
2018-09-11 null null
2018-09-12 null null
2018-09-13 null null
2018-09-14 null null
2018-09-15 null null
2018-09-16 null null
2018-09-17 null null
2018-09-18 null null
2018-09-19 null null
2018-09-20 null null
2018-09-21 null null
2018-09-22 null null
2018-09-23 null null
2018-09-24 null null
2018-09-25 null null
2018-09-26 null null
2018-09-27 null null
2018-09-28 null null
2018-09-29 null null
2018-09-30 null null
2018-10-01 null null
2018-10-02 null null
2018-10-03 null null
2018-10-04 null null
2018-10-05 null null
2018-10-06 null null
2018-10-07 null null
2018-10-08 null null
2018-10-09 null null
2018-10-10 null null
2018-10-11 null null
2018-10-12 null null
2018-10-13 null null
2018-10-14 null null
2018-10-15 null null
2018-10-16 null null
2018-10-17 null null
2018-10-18 null null
2018-10-19 null null
2018-10-20 null null
2018-10-21 null null
2018-10-22 null null
2018-10-23 null null
2018-10-24 null null
2018-10-25 null null
2018-10-26 null null
2018-10-27 null null
2018-10-28 null null
2018-10-29 null null
2018-10-30 null null
2018-10-31 null null
2018-11-01 null null
2018-11-02 null null
2018-11-03 null null
2018-11-04 null null
2018-11-05 null null
2018-11-06 null null
2018-11-07 null null
2018-11-08 null null
2018-11-09 null null
2018-11-10 null null
2018-11-11 null null
2018-11-12 null null
2018-11-13 null null
2018-11-14 null null
2018-11-15 null null
2018-11-16 null null
2018-11-17 null null
2018-11-18 null null
2018-11-19 null null
2018-11-20 null null
2018-11-21 null null
2018-11-22 null null
2018-11-23 null null
2018-11-24 null null
2018-11-25 null null
2018-11-26 null null
2018-11-27 null null
2018-11-28 null null
2018-11-29 null null
2018-11-30 null null
2018-12-01 null null
2018-12-02 null null
2018-12-03 null null
2018-12-04 null null
2018-12-05 null null
2018-12-06 null null
2018-12-07 null null
2018-12-08 null null
2018-12-09 null null
2018-12-10 null null
2018-12-11 null null
2018-12-12 null null
2018-12-13 null null
2018-12-14 null null
2018-12-15 null null
2018-12-16 null null
2018-12-17 null null
2018-12-18 null null
2018-12-19 null null
2018-12-20 null null
2018-12-21 null null
2018-12-22 null null
2018-12-23 null null
2018-12-24 null null
2018-12-25 null null
2018-12-26 null null
2018-12-27 null null
2018-12-28 null null
2018-12-29 null null
2018-12-30 null null
2018-12-31 null null
